Handle,Title,Body (HTML),Vendor,Product Category,Type,Tags,Published,Option1 Name,Option1 Value,Option2 Name,Option2 Value,Option3 Name,Option3 Value,Variant SKU,Variant Grams,Variant Inventory Tracker,Variant Inventory Qty,Variant Inventory Policy,Variant Fulfillment Service,Variant Price,Variant Compare At Price,Variant Requires Shipping,Variant Taxable,Variant Barcode,Image Src,Image Position,Image Alt Text,Gift Card,SEO Title,SEO Description,Variant Image,Variant Weight Unit,Variant Tax Code,Cost per item,Status,Origin Region (product.metafields.custom.origin_region),Altitude (product.metafields.custom.altitude),Roast Level (product.metafields.custom.roast_level),Flavor Notes (product.metafields.custom.flavor_notes),Acidity (product.metafields.custom.acidity),Body (product.metafields.custom.body),Sweetness (product.metafields.custom.sweetness),Brew Methods (product.metafields.custom.brew_methods)
batangas-barako-liberica,Batangas Barako (Liberica),"<p>Grown in the volcanic soil around Mt. Batulao, barako is the coffee your lola brewed before ""specialty coffee"" was a phrase anyone used. Liberica beans give it a bold, almost meaty aroma and a flavor that leans dark chocolate and tobacco, with a low acidity that lets the body carry the cup.</p><p>This is the taste Batangueños have been proud of for generations, thick, dark, and unapologetically strong. Best brewed the old way: french press or moka pot, no sugar required.</p>",Barako & Co.,,Coffee,"dark-roast, chocolatey, tobacco-notes, heavy-body, liberica, batangas",TRUE,Grind,Whole Bean,,,,,BC-BAT-WB,250,shopify,50,deny,manual,650.00,,TRUE,TRUE,,,,,FALSE,,,,g,,,active,"Batangas, Luzon",450,Dark,"dark chocolate, tobacco, molasses",2,5,3,"french-press, moka-pot, espresso"
batangas-barako-liberica,,,,,,,,Grind,Espresso,,,,,BC-BAT-ESP,250,shopify,50,deny,manual,650.00,,TRUE,TRUE,,,,,,,,,g,,,,,,,,,,,
batangas-barako-liberica,,,,,,,,Grind,Pour Over,,,,,BC-BAT-PO,250,shopify,50,deny,manual,650.00,,TRUE,TRUE,,,,,,,,,g,,,,,,,,,,,
batangas-barako-liberica,,,,,,,,Grind,French Press,,,,,BC-BAT-FP,250,shopify,50,deny,manual,650.00,,TRUE,TRUE,,,,,,,,,g,,,,,,,,,,,
benguet-arabica,Benguet Arabica,"<p>High in the Cordillera mountains, Benguet's cool climate and mineral-rich soil produce arabica beans with a bright, floral character rare for Philippine coffee. Notes of black cherry and brown sugar unfold over a clean, tea-like body.</p><p>Farmed on small terraced plots alongside Benguet's famous vegetable gardens, this lot is washed and sun-dried to bring out its natural sweetness. A cup that rewards a slow pour-over morning.</p>",Barako & Co.,,Coffee,"medium-roast, floral, bright-acidity, single-origin, benguet, arabica",TRUE,Grind,Whole Bean,,,,,BC-BEN-WB,250,shopify,50,deny,manual,750.00,,TRUE,TRUE,,,,,FALSE,,,,g,,,active,"Benguet, Cordillera",1400,Medium,"black cherry, brown sugar, floral",4,3,3,"pour-over, moka-pot, cold-brew"
benguet-arabica,,,,,,,,Grind,Espresso,,,,,BC-BEN-ESP,250,shopify,50,deny,manual,750.00,,TRUE,TRUE,,,,,,,,,g,,,,,,,,,,,
benguet-arabica,,,,,,,,Grind,Pour Over,,,,,BC-BEN-PO,250,shopify,50,deny,manual,750.00,,TRUE,TRUE,,,,,,,,,g,,,,,,,,,,,
benguet-arabica,,,,,,,,Grind,French Press,,,,,BC-BEN-FP,250,shopify,50,deny,manual,750.00,,TRUE,TRUE,,,,,,,,,g,,,,,,,,,,,
sagada-arabica,Sagada Arabica,"<p>Sagada's fog-covered slopes and steep elevation give this arabica a lively citrus snap, think green apple and honey over a delicate, tea-like body. It's one of the brightest cups we roast.</p><p>Grown by smallholder farmers in the Cordillera's pine forests, Sagada beans are prized for their clarity. Try it cold-brewed to let the fruit notes really sing.</p>",Barako & Co.,,Coffee,"medium-roast, citrusy, honeyed, bright-acidity, sagada, arabica",TRUE,Grind,Whole Bean,,,,,BC-SAG-WB,250,shopify,50,deny,manual,780.00,,TRUE,TRUE,,,,,FALSE,,,,g,,,active,"Sagada, Mountain Province",1500,Medium,"green apple, honey, citrus",5,2,3,"pour-over, cold-brew"
sagada-arabica,,,,,,,,Grind,Espresso,,,,,BC-SAG-ESP,250,shopify,50,deny,manual,780.00,,TRUE,TRUE,,,,,,,,,g,,,,,,,,,,,
sagada-arabica,,,,,,,,Grind,Pour Over,,,,,BC-SAG-PO,250,shopify,50,deny,manual,780.00,,TRUE,TRUE,,,,,,,,,g,,,,,,,,,,,
sagada-arabica,,,,,,,,Grind,French Press,,,,,BC-SAG-FP,250,shopify,50,deny,manual,780.00,,TRUE,TRUE,,,,,,,,,g,,,,,,,,,,,
mt-apo-arabica,Mt. Apo Arabica,"<p>Grown on the slopes of the Philippines' highest peak, Mt. Apo arabica thrives at elevations most Philippine coffee never reaches. The result is a complex, well-balanced cup with ripe berry and cacao nib notes and a natural cane-sugar sweetness.</p><p>Harvested by farming communities around Mt. Apo, this lot is roasted lightly to preserve its fruit-forward character. A coffee for slowing down with.</p>",Barako & Co.,,Coffee,"light-roast, berry-notes, cacao, balanced, mt-apo, arabica, davao",TRUE,Grind,Whole Bean,,,,,BC-APO-WB,250,shopify,50,deny,manual,820.00,,TRUE,TRUE,,,,,FALSE,,,,g,,,active,"Mt. Apo, Davao",1700,Light,"berry, cacao nib, cane sugar",3,3,4,"pour-over, moka-pot, french-press"
mt-apo-arabica,,,,,,,,Grind,Espresso,,,,,BC-APO-ESP,250,shopify,50,deny,manual,820.00,,TRUE,TRUE,,,,,,,,,g,,,,,,,,,,,
mt-apo-arabica,,,,,,,,Grind,Pour Over,,,,,BC-APO-PO,250,shopify,50,deny,manual,820.00,,TRUE,TRUE,,,,,,,,,g,,,,,,,,,,,
mt-apo-arabica,,,,,,,,Grind,French Press,,,,,BC-APO-FP,250,shopify,50,deny,manual,820.00,,TRUE,TRUE,,,,,,,,,g,,,,,,,,,,,
kalinga-robusta,Kalinga Robusta,"<p>Kalinga robusta is grown in the rugged highlands of the Cordillera, where the beans develop a bold, nutty intensity that stands up to milk, sugar, or a double shot of espresso. Expect dark chocolate and roasted nut flavors with an earthy backbone.</p><p>This is a working coffee, the kind farmers and market vendors have relied on for its punch and affordability. Dark roasted for maximum body and crema.</p>",Barako & Co.,,Coffee,"dark-roast, nutty, earthy, bold, robusta, kalinga",TRUE,Grind,Whole Bean,,,,,BC-KAL-WB,250,shopify,50,deny,manual,480.00,,TRUE,TRUE,,,,,FALSE,,,,g,,,active,"Kalinga, Cordillera",600,Dark,"roasted nuts, dark chocolate, earthy",2,5,2,"espresso, moka-pot, french-press"
kalinga-robusta,,,,,,,,Grind,Espresso,,,,,BC-KAL-ESP,250,shopify,50,deny,manual,480.00,,TRUE,TRUE,,,,,,,,,g,,,,,,,,,,,
kalinga-robusta,,,,,,,,Grind,Pour Over,,,,,BC-KAL-PO,250,shopify,50,deny,manual,480.00,,TRUE,TRUE,,,,,,,,,g,,,,,,,,,,,
kalinga-robusta,,,,,,,,Grind,French Press,,,,,BC-KAL-FP,250,shopify,50,deny,manual,480.00,,TRUE,TRUE,,,,,,,,,g,,,,,,,,,,,
kapihan-house-blend,Kapihan House Blend,"<p>Our house blend brings together Batangas barako and Benguet arabica for a cup that's familiar and balanced, the kind you'd be served at any kapihan along the highway. Toasted almond and caramel sweetness sit over a smooth, medium body.</p><p>Consistent, versatile, and built for everyday brewing, whether that's a drip pot at sunrise or a moka pot after merienda.</p>",Barako & Co.,,Coffee,"medium-dark-roast, caramel, nutty, balanced, house-blend, everyday",TRUE,Grind,Whole Bean,,,,,BC-HSE-WB,250,shopify,50,deny,manual,450.00,,TRUE,TRUE,,,,,FALSE,,,,g,,,active,"Batangas & Benguet, Luzon",900,Medium,"caramel, toasted almond, chocolate",3,4,3,"espresso, pour-over, french-press, moka-pot"
kapihan-house-blend,,,,,,,,Grind,Espresso,,,,,BC-HSE-ESP,250,shopify,50,deny,manual,450.00,,TRUE,TRUE,,,,,,,,,g,,,,,,,,,,,
kapihan-house-blend,,,,,,,,Grind,Pour Over,,,,,BC-HSE-PO,250,shopify,50,deny,manual,450.00,,TRUE,TRUE,,,,,,,,,g,,,,,,,,,,,
kapihan-house-blend,,,,,,,,Grind,French Press,,,,,BC-HSE-FP,250,shopify,50,deny,manual,450.00,,TRUE,TRUE,,,,,,,,,g,,,,,,,,,,,
ceramic-pour-over-dripper,Ceramic Pour-Over Dripper,"<p>A simple, one-piece ceramic dripper designed for slow, even extraction. The spiral ridges and single large hole give you full control over your pour-over brew time, so you can pull out every note in a light-roast single origin.</p><p>Glazed in a warm terracotta finish that echoes our own brand colors, it's built to last through years of unhurried mornings.</p>",Barako & Co.,,Gear,"brewing-gear, pour-over, ceramic, dripper",TRUE,Title,Default Title,,,,,BC-GEAR-DRIP,300,shopify,50,deny,manual,950.00,,TRUE,TRUE,,,,,FALSE,,,,g,,,active,,,,,,,,
filipino-cloth-coffee-sock-filter,Filipino Cloth Coffee Sock Filter,"<p>Long before pour-over cones, Filipino households brewed coffee through a cloth ""sock"" strainer, and the method still makes some of the smoothest, sediment-free coffee around. Ours is sewn from tightly woven cotton flannel with a sturdy wire rim.</p><p>Reusable, easy to rinse, and gentle on any grind, it's a low-tech tool that's stood the test of generations of kapihan mornings.</p>",Barako & Co.,,Gear,"brewing-gear, cloth-filter, traditional, reusable",TRUE,Title,Default Title,,,,,BC-GEAR-SOCK,50,shopify,50,deny,manual,350.00,,TRUE,TRUE,,,,,FALSE,,,,g,,,active,,,,,,,,
